KPI,thresh
dcos_docker_container_session_used,0.0
dcos_docker_container_fgct,0.0
dcos_docker_container_cpu_used,0.17981742937866757
dcos_docker_container_thread_idle,0.0
dcos_docker_container_thread_running,0.0
dcos_docker_container_thread_total,0.0
dcos_docker_container_fgc,0.0
dcos_docker_container_thread_used_pct,0.0
dcos_docker_container_mem_used,0.1500579599602436
os_linux_Sent_errors_packets,0.0
os_linux_Processor_load_5_min,0.1964688604394069
os_linux_Disk_rd_ios,0.07662541120141242
os_linux_CPU_util_pct,0.20880161800950894
os_linux_Disk_io_util,0.19081944509740112
os_linux_Send_total,0.18796762970844916
os_linux_Outgoing_network_traffic,0.20883439635058873
os_linux_Memory_available_pct,0.25981062596904514
os_linux_Incoming_network_traffic,0.1962262142122657
os_linux_Recv_total,0.18320869212758317
os_linux_Page_po,0.19884651047641277
os_linux_CPU_idle_pct,0.19526761198778486
os_linux_Processor_load_1_min,0.19301166209215082
os_linux_Agent_ping,0.0
os_linux_ss_total,0.19601731940242786
os_linux_Processor_load_15_min,0.20207197802517274
os_linux_Page_pi,0.19010678181028126
os_linux_Disk_avgqu_sz,0.19921659253432966
os_linux_Disk_wr_kbs,0.19138765657166004
os_linux_Disk_await,0.2092896310398808
os_linux_CPU_user_time,0.22135875837653213
os_linux_Disk_svctm,0.1867381330207842
os_linux_Disk_wr_ios,0.22020284265547552
os_linux_Memory_used_pct,0.2740285958950661
os_linux_CPU_iowait_time,0.1973834341196357
os_linux_CPU_system_time,0.20063328630203892
os_linux_Disk_rd_kbs,0.1809225427463376
os_linux_Memory_available,0.27326950461143834
os_linux_Memory_used,0.2663906760868948
os_linux_Received_packets,0.09296334612920835
os_linux_Received_errors_packets,0.0
os_linux_Sent_packets,0.08221372465232664
os_linux_ICMP_ping,0.0
db_oracle_11g_CPU_free_pct,0.23409614949943863
db_oracle_11g_MEM_real_util,0.2578666383240042
db_oracle_11g_tnsping_result_time,0.30326403585698464
db_oracle_11g_CPU_Used_Pct,0.1919919398373033
db_oracle_11g_MEM_Used,0.27466757179988927
db_oracle_11g_MEM_Total,0.0
db_oracle_11g_MEM_Used_Pct,0.23984862512147617
db_oracle_11g_PGA_used_total,0.12181106127932721
db_oracle_11g_Sess_Used_Undo,0.04476411080922625
db_oracle_11g_Sess_Used_Temp,0.06808559387631574
db_oracle_11g_SctRead_Per_Sec,0.13137034216708993
db_oracle_11g_SeqRead_Per_Sec,0.16714099980685357
db_oracle_11g_DFParaWrite_Per_Sec,0.15922452733703227
db_oracle_11g_PGA_Used_Pct,0.0
db_oracle_11g_Row_Lock,0.0
db_oracle_11g_Proc_Used_Pct,0.2112063623153677
db_oracle_11g_Session_pct,0.2283945885177411
db_oracle_11g_LFParaWrite_Per_Sec,0.17490272733191148
db_oracle_11g_AWS,0.18327644768959336
db_oracle_11g_LFSync_Per_Sec,0.1615004836492005
db_oracle_11g_Proc_User_Used_Pct,0.22573818735568257
db_oracle_11g_AIOS,0.16162324200598427
db_oracle_11g_ACS,0.19928658362209617
db_oracle_11g_On_Off_State,0.0
db_oracle_11g_DbTime,0.17159905516707868
db_oracle_11g_Sess_Active,0.19256385911455748
db_oracle_11g_Physical_Read_Per_Sec,0.1358822079306085
db_oracle_11g_Call_Per_Sec,0.17144327863727218
db_oracle_11g_Login_Per_Sec,0.1689707081074868
db_oracle_11g_User_Commit,0.17019164704240014
db_oracle_11g_Sess_Connect,0.2318871088898049
db_oracle_11g_Logic_Read_Per_Sec,0.17350230448452458
db_oracle_11g_TPS_Per_Sec,0.17391228667796563
db_oracle_11g_Hang,0.0
db_oracle_11g_Redo_Per_Sec,0.07136957662578787
db_oracle_11g_Exec_Per_Sec,0.1691462007435879
db_oracle_11g_TempTbs_Pct,0.05933160573604415
db_oracle_11g_New_Tbs_Free_Gb,0.1779583483385192
db_oracle_11g_New_Tbs_Used_Pct,0.2057534146342674
mw_redis_used_memory_rss,0.15905779817380447
mw_redis_rejected_connections,0.0
mw_redis_keyspace_misses,0.2368140101491951
mw_redis_blocked_clients,0.0
mw_redis_instantaneous_ops_per_sec,0.21526511555044905
mw_redis_redis_load,0.0
mw_redis_connected_clients,0.17699095780154744
mw_redis_mem_fragmentation_ratio,0.19260705313759932
mw_redis_total_commands_processed,0.20216141472930949
mw_redis_total_connections_received,0.20017303495496327
mw_redis_keyspace_hits,0.2642452433243344
mw_redis_expired_keys,0.0
mw_redis_redis_ping,0.0
mw_redis_used_memory_peak,0.0
mw_redis_instantaneous_output_kbps,0.17170907717571926
mw_redis_instantaneous_input_kbps,0.2125271067169212
mw_redis_Redis_key_count,0.0
mw_redis_evicted_keys,0.0
mw_redis_used_cpu_user,0.20364819218723906
mw_redis_used_memory,0.20073365919089572
mw_redis_maxmemory,0.0
mw_redis_used_cpu_sys,0.25878236970442964
dcos_container_container_fail_percent,0.0
