KPI,thresh
dcos_docker_container_session_used,0.0
dcos_docker_container_fgct,0.0
dcos_docker_container_cpu_used,0.25915438457692347
dcos_docker_container_thread_idle,0.0
dcos_docker_container_thread_running,0.0
dcos_docker_container_thread_total,0.0
dcos_docker_container_fgc,0.0
dcos_docker_container_thread_used_pct,0.0
dcos_docker_container_mem_used,0.3690691208331503
os_linux_Sent_errors_packets,0.0
os_linux_Processor_load_5_min,0.2577588685918209
os_linux_Disk_rd_ios,0.17932277410171332
os_linux_CPU_util_pct,0.34925629553681337
os_linux_Disk_io_util,0.2636599985943993
os_linux_Num_of_processes,0.1746467159613569
os_linux_Send_total,0.2713532925615447
os_linux_Outgoing_network_traffic,0.21665939173033533
os_linux_Memory_available_pct,0.3840499882845787
os_linux_Incoming_network_traffic,0.27334754132570094
os_linux_Zombie_Process,0.14748745973541316
os_linux_Recv_total,0.27156799561984635
os_linux_Page_po,0.28164975551254917
os_linux_CPU_idle_pct,0.3294093865576489
os_linux_Processor_load_1_min,0.2806238331411395
os_linux_Agent_ping,0.0
os_linux_Num_of_running_processes,0.21441015235631758
os_linux_ss_total,0.23886207118272987
os_linux_Processor_load_15_min,0.33758539087704387
os_linux_Page_pi,0.2993029017922562
os_linux_Disk_avgqu_sz,0.26308649374342385
os_linux_Disk_wr_kbs,0.2756346972124388
os_linux_Disk_await,0.22347321520730568
os_linux_Shared_memory,0.13866303667815846
os_linux_CPU_user_time,0.31074320271430567
os_linux_Disk_svctm,0.21703919609360925
os_linux_Disk_wr_ios,0.26497634949764726
os_linux_Memory_used_pct,0.3002926540174867
os_linux_CPU_iowait_time,0.29368582963594153
os_linux_System_wait_queue_length,0.19202236509733173
os_linux_CPU_system_time,0.25432978272624873
os_linux_Disk_rd_kbs,0.3384390907272675
os_linux_Memory_available,0.3036487032077471
os_linux_Memory_used,0.3421632552900078
os_linux_System_block_queue_length,0.07915684334952272
os_linux_Received_packets,0.21923860154167227
os_linux_Received_errors_packets,0.0
os_linux_Memory_free,0.16777110342359736
os_linux_Sent_queue,0.2338147990929815
os_linux_Cache_used,0.18541460520028902
os_linux_Received_queue,0.22881128580517698
os_linux_Buffers_used,0.18868253141863034
os_linux_FS_used_space,0.1959462252367804
os_linux_Sent_packets,0.202856683025381
os_linux_FS_used_pct,0.18897553174916604
os_linux_FS_total_space,0.0
os_linux_FS_max_util,0.10430714880669517
os_linux_ICMP_ping,0.0
os_linux_FS_max_avail,0.21306237586610843
os_linux_Swap_used_pct,0.0
db_oracle_11g_CPU_free_pct,0.5884651951731481
db_oracle_11g_MEM_real_util,0.5185061529497808
db_oracle_11g_tnsping_result_time,0.5125902368871769
db_oracle_11g_CPU_Used_Pct,0.5540121923470195
db_oracle_11g_MEM_Used,0.5190792002623461
db_oracle_11g_MEM_Total,0.0
db_oracle_11g_MEM_Used_Pct,0.46368896586146147
db_oracle_11g_Used_Tbs_Size,0.36914341693014013
db_oracle_11g_SEQ_Used_Pct,0.0
db_oracle_11g_Asm_Free_Tb,0.12242924673658401
db_oracle_11g_PGA_used_total,0.14955585948386652
db_oracle_11g_Sess_Used_Undo,0.14854615143696065
db_oracle_11g_Sess_Used_Temp,0.10373485923536357
db_oracle_11g_SctRead_Per_Sec,0.22486352978450885
db_oracle_11g_SeqRead_Per_Sec,0.24132075719602986
db_oracle_11g_DFParaWrite_Per_Sec,0.19093434504784096
db_oracle_11g_PGA_Used_Pct,0.0
db_oracle_11g_Row_Lock,0.0
db_oracle_11g_Proc_Used_Pct,0.49254164811252743
db_oracle_11g_Session_pct,0.2451118452029436
db_oracle_11g_LFParaWrite_Per_Sec,0.2563552724484655
db_oracle_11g_AWS,0.19140933667621632
db_oracle_11g_LFSync_Per_Sec,0.22602754793890473
db_oracle_11g_Proc_User_Used_Pct,0.5068430458338592
db_oracle_11g_AIOS,0.18359487716260872
db_oracle_11g_ACS,0.22901702667308133
db_oracle_11g_On_Off_State,0.0
db_oracle_11g_DbTime,0.3169122631741034
db_oracle_11g_Sess_Active,0.2806706933478795
db_oracle_11g_Physical_Read_Per_Sec,0.1871157453262334
db_oracle_11g_Call_Per_Sec,0.2412361666515442
db_oracle_11g_Login_Per_Sec,0.2120785532937307
db_oracle_11g_User_Commit,0.23773625825368583
db_oracle_11g_Sess_Connect,0.262950395937692
db_oracle_11g_Logic_Read_Per_Sec,0.4677928953522596
db_oracle_11g_TPS_Per_Sec,0.2855848526121116
db_oracle_11g_Hang,0.0
db_oracle_11g_Redo_Per_Sec,0.14173663708711784
db_oracle_11g_Exec_Per_Sec,0.22379228748630586
db_oracle_11g_TempTbs_Pct,0.15445414056592913
db_oracle_11g_Total_Tbs_Size,0.0
db_oracle_11g_New_Tbs_Free_Gb,0.17104146031104464
db_oracle_11g_New_Tbs_Used_Pct,0.17322203544554987
mw_redis_used_memory_rss,0.2208367550330842
mw_redis_rejected_connections,0.0
mw_redis_keyspace_misses,0.30179146195112927
mw_redis_blocked_clients,0.0
mw_redis_instantaneous_ops_per_sec,0.3874423165976283
mw_redis_redis_load,0.0
mw_redis_connected_clients,0.2110277979182141
mw_redis_mem_fragmentation_ratio,0.2139294845958574
mw_redis_total_commands_processed,0.296815615830443
mw_redis_total_connections_received,0.3215342167239128
mw_redis_keyspace_hits,0.3298334045167138
mw_redis_expired_keys,0.0
mw_redis_redis_ping,0.0
mw_redis_used_memory_peak,0.0
mw_redis_instantaneous_output_kbps,0.3626088855087493
mw_redis_instantaneous_input_kbps,0.39005350312201487
mw_redis_Redis_key_count,0.0
mw_redis_evicted_keys,0.0
mw_redis_used_cpu_user,0.3257538201310294
mw_redis_used_memory,0.4206042651760196
mw_redis_maxmemory,0.0
mw_redis_used_cpu_sys,0.3359174035179535
dcos_container_container_fail_percent,0.0
