KPI,thresh
dcos_docker_container_session_used,0.0
dcos_docker_container_fgct,0.0
dcos_docker_container_cpu_used,0.6988257909544752
dcos_docker_container_thread_idle,0.0
dcos_docker_container_thread_running,0.0
dcos_docker_container_thread_total,0.0
dcos_docker_container_fgc,0.0
dcos_docker_container_thread_used_pct,0.0
dcos_docker_container_mem_used,1.2910194742838732
os_linux_Sent_errors_packets,0.0
os_linux_Processor_load_5_min,1.3183232960579667
os_linux_Disk_rd_ios,4.323216929369009
os_linux_CPU_util_pct,1.2814788877847094
os_linux_Disk_io_util,1.6028944659749118
os_linux_Num_of_processes,0.4719835923300755
os_linux_Send_total,1.2582969618923345
os_linux_Outgoing_network_traffic,1.285941960531394
os_linux_Memory_available_pct,0.4540185947229185
os_linux_Incoming_network_traffic,2.671521922769293
os_linux_Zombie_Process,0.4380500066675798
os_linux_Recv_total,1.3458965396414293
os_linux_Page_po,1.169205214967708
os_linux_CPU_idle_pct,0.9720092780656753
os_linux_Processor_load_1_min,1.6298467050368857
os_linux_Agent_ping,0.0
os_linux_Num_of_running_processes,0.4556643394924724
os_linux_ss_total,0.3733790336254252
os_linux_Processor_load_15_min,1.340354452423983
os_linux_Page_pi,1.4601022668501962
os_linux_Disk_avgqu_sz,1.140014150528702
os_linux_Disk_wr_kbs,1.4074621903190307
os_linux_Disk_await,1.3340995267009106
os_linux_Shared_memory,1.1344360843260515
os_linux_CPU_user_time,0.888642441130698
os_linux_Disk_svctm,0.9742036441193568
os_linux_Disk_wr_ios,1.1489729429259115
os_linux_Memory_used_pct,0.5354576641637252
os_linux_CPU_iowait_time,1.0140806244334375
os_linux_System_wait_queue_length,0.4256382613583165
os_linux_CPU_system_time,1.3257820648747778
os_linux_Disk_rd_kbs,1.7229258821276143
os_linux_Memory_available,0.5649255121998548
os_linux_Memory_used,0.6144628269524443
os_linux_System_block_queue_length,0.3794953635000584
os_linux_Received_packets,0.8262611641926636
os_linux_Received_errors_packets,0.0
os_linux_Memory_free,0.784483097713326
os_linux_Sent_queue,0.45378818924142444
os_linux_Cache_used,0.7617764477460865
os_linux_Received_queue,0.5686898855778515
os_linux_Buffers_used,1.4433099193909718
os_linux_FS_used_space,0.43020578005789867
os_linux_Sent_packets,0.700649642191618
os_linux_FS_used_pct,0.5573200027822695
os_linux_FS_total_space,0.0
os_linux_FS_max_util,0.6082331483367464
os_linux_ICMP_ping,0.0
os_linux_FS_max_avail,0.3231328379441964
os_linux_Swap_used_pct,0.0
os_linux_Memory_total,0.0
db_oracle_11g_CPU_free_pct,0.7544138960086314
db_oracle_11g_MEM_real_util,0.9186335368846578
db_oracle_11g_tnsping_result_time,2.9850747223559466
db_oracle_11g_CPU_Used_Pct,1.122303542163239
db_oracle_11g_MEM_Used,0.7284937303847462
db_oracle_11g_MEM_Total,0.0
db_oracle_11g_MEM_Used_Pct,0.9533648980474047
db_oracle_11g_Used_Tbs_Size,0.5662913252623661
db_oracle_11g_SEQ_Used_Pct,0.0
db_oracle_11g_Asm_Free_Tb,0.30318996250129787
db_oracle_11g_PGA_used_total,0.9310985111192277
db_oracle_11g_Sess_Used_Undo,0.7325852193811877
db_oracle_11g_Sess_Used_Temp,1.5382614691127063
db_oracle_11g_SctRead_Per_Sec,1.43729926319895
db_oracle_11g_SeqRead_Per_Sec,1.005290860418567
db_oracle_11g_DFParaWrite_Per_Sec,0.778181227936074
db_oracle_11g_PGA_Used_Pct,0.0
db_oracle_11g_Row_Lock,0.0
db_oracle_11g_Proc_Used_Pct,0.8503033554029956
db_oracle_11g_Session_pct,1.184195144532586
db_oracle_11g_LFParaWrite_Per_Sec,0.7206891607243398
db_oracle_11g_AWS,0.42904157840964713
db_oracle_11g_LFSync_Per_Sec,0.8920142611824026
db_oracle_11g_Proc_User_Used_Pct,0.9777394102511785
db_oracle_11g_AIOS,0.8120499967724403
db_oracle_11g_ACS,0.5354897405748383
db_oracle_11g_On_Off_State,0.0
db_oracle_11g_DbTime,1.4251414713520951
db_oracle_11g_Sess_Active,1.5491111541797251
db_oracle_11g_Physical_Read_Per_Sec,1.236526402368902
db_oracle_11g_Call_Per_Sec,1.4678545913838879
db_oracle_11g_Login_Per_Sec,0.46450835704779125
db_oracle_11g_User_Commit,0.9909537948890735
db_oracle_11g_Sess_Connect,0.846329979793237
db_oracle_11g_Logic_Read_Per_Sec,1.1663693383612708
db_oracle_11g_TPS_Per_Sec,1.4709822371475116
db_oracle_11g_Hang,0.0
db_oracle_11g_Redo_Per_Sec,1.9490463112561043
db_oracle_11g_Exec_Per_Sec,1.3739429928587772
db_oracle_11g_TempTbs_Pct,0.395861385460824
db_oracle_11g_Total_Tbs_Size,0.0
db_oracle_11g_New_Tbs_Free_Gb,0.2832232242526073
db_oracle_11g_New_Tbs_Used_Pct,0.2691753073643018
db_oracle_11g_Tbs_Used_Pct,1.5269722439178752
db_oracle_11g_Tbs_Free_Gb,0.7517943272271249
db_oracle_11g_UndoTbs_Pct,0.495885388731031
mw_redis_used_memory_rss,0.6040200931754043
mw_redis_rejected_connections,0.0
mw_redis_keyspace_misses,0.27996138668498993
mw_redis_blocked_clients,0.0
mw_redis_instantaneous_ops_per_sec,0.5296935753521773
mw_redis_redis_load,0.0
mw_redis_connected_clients,0.33540123464481963
mw_redis_mem_fragmentation_ratio,0.6753601862207369
mw_redis_total_commands_processed,0.7494064084116273
mw_redis_total_connections_received,0.35164349327573835
mw_redis_keyspace_hits,0.3311723929136751
mw_redis_expired_keys,0.0
mw_redis_redis_ping,0.0
mw_redis_used_memory_peak,0.0
mw_redis_instantaneous_output_kbps,0.5124740930866304
mw_redis_instantaneous_input_kbps,0.46412944921269395
mw_redis_Redis_key_count,0.0
mw_redis_evicted_keys,0.0
mw_redis_used_cpu_user,1.0147062220600431
mw_redis_used_memory,0.7792152076907572
mw_redis_maxmemory,0.0
mw_redis_used_cpu_sys,0.9733779725152187
dcos_container_container_fail_percent,0.0
