KPI,thresh
dcos_docker_container_session_used,0.0
dcos_docker_container_fgct,0.0
dcos_docker_container_cpu_used,0.24841927019969803
dcos_docker_container_thread_idle,0.0
dcos_docker_container_thread_running,0.0
dcos_docker_container_thread_total,0.0
dcos_docker_container_fgc,0.0
dcos_docker_container_thread_used_pct,0.0
dcos_docker_container_mem_used,0.2791803048187147
os_linux_Sent_errors_packets,0.0
os_linux_Processor_load_5_min,0.18435698940390133
os_linux_Disk_rd_ios,0.10354718467054098
os_linux_CPU_util_pct,0.21812492456910057
os_linux_Disk_io_util,0.1872760318355612
os_linux_Send_total,0.20008311118432096
os_linux_Outgoing_network_traffic,0.2150928218597956
os_linux_Memory_available_pct,0.38132703758913233
os_linux_Incoming_network_traffic,0.2073148604033442
os_linux_Recv_total,0.2069808973375027
os_linux_Page_po,0.19378085865199096
os_linux_CPU_idle_pct,0.21660447063043647
os_linux_Processor_load_1_min,0.19427967190432913
os_linux_Agent_ping,0.0
os_linux_ss_total,0.20700915973942802
os_linux_Processor_load_15_min,0.19937199840826683
os_linux_Page_pi,0.25105237637033423
os_linux_Disk_avgqu_sz,0.19766351931286374
os_linux_Disk_wr_kbs,0.18911756726627071
os_linux_Disk_await,0.2189259875362278
os_linux_CPU_user_time,0.23282262492163053
os_linux_Disk_svctm,0.1986781456717871
os_linux_Disk_wr_ios,0.2052210035974017
os_linux_Memory_used_pct,0.34154592668405936
os_linux_CPU_iowait_time,0.21997156129199408
os_linux_CPU_system_time,0.24444354215371464
os_linux_Disk_rd_kbs,0.2442273809299912
os_linux_Memory_available,0.33443666169766084
os_linux_Memory_used,0.32488089163359285
os_linux_Received_packets,0.05311586825405236
os_linux_Received_errors_packets,0.0
os_linux_Sent_packets,0.0429363388469484
os_linux_ICMP_ping,0.0
db_oracle_11g_CPU_free_pct,0.3220012972986697
db_oracle_11g_MEM_real_util,0.2640631730825275
db_oracle_11g_tnsping_result_time,0.2562156544664788
db_oracle_11g_CPU_Used_Pct,0.2913708272426977
db_oracle_11g_MEM_Used,0.31465657446030276
db_oracle_11g_MEM_Total,0.0
db_oracle_11g_MEM_Used_Pct,0.32027962276154054
db_oracle_11g_PGA_used_total,0.11868604637226071
db_oracle_11g_Sess_Used_Undo,0.06469876736328423
db_oracle_11g_Sess_Used_Temp,0.0697398343901089
db_oracle_11g_SctRead_Per_Sec,0.19796472971519213
db_oracle_11g_SeqRead_Per_Sec,0.16495751232828082
db_oracle_11g_DFParaWrite_Per_Sec,0.1705496812591759
db_oracle_11g_PGA_Used_Pct,0.0
db_oracle_11g_Row_Lock,0.0
db_oracle_11g_Proc_Used_Pct,0.36612616273864407
db_oracle_11g_Session_pct,0.23317347798716778
db_oracle_11g_LFParaWrite_Per_Sec,0.17901068071745374
db_oracle_11g_AWS,0.14571283501527663
db_oracle_11g_LFSync_Per_Sec,0.17930725399441885
db_oracle_11g_Proc_User_Used_Pct,0.3795714276406513
db_oracle_11g_AIOS,0.16247322599857694
db_oracle_11g_ACS,0.20278136778998102
db_oracle_11g_On_Off_State,0.0
db_oracle_11g_DbTime,0.19369477744974742
db_oracle_11g_Sess_Active,0.20210795782875896
db_oracle_11g_Physical_Read_Per_Sec,0.13709693728071704
db_oracle_11g_Call_Per_Sec,0.20363275151677127
db_oracle_11g_Login_Per_Sec,0.19683780647691337
db_oracle_11g_User_Commit,0.20270739571462867
db_oracle_11g_Sess_Connect,0.3622653194476877
db_oracle_11g_Logic_Read_Per_Sec,0.18158409660069197
db_oracle_11g_TPS_Per_Sec,0.18162224196807492
db_oracle_11g_Hang,0.0
db_oracle_11g_Redo_Per_Sec,0.10507686926916626
db_oracle_11g_Exec_Per_Sec,0.18236173374199494
db_oracle_11g_TempTbs_Pct,0.10265394421806588
db_oracle_11g_New_Tbs_Free_Gb,0.16086619039353103
db_oracle_11g_New_Tbs_Used_Pct,0.1810919469174488
mw_redis_used_memory_rss,0.17006042352743
mw_redis_rejected_connections,0.0
mw_redis_keyspace_misses,0.2815349277519519
mw_redis_blocked_clients,0.0
mw_redis_instantaneous_ops_per_sec,0.26354409678270396
mw_redis_redis_load,0.0
mw_redis_connected_clients,0.18538320214778492
mw_redis_mem_fragmentation_ratio,0.19302169832488453
mw_redis_total_commands_processed,0.20796574747097685
mw_redis_total_connections_received,0.2586899586163174
mw_redis_keyspace_hits,0.2668942089976745
mw_redis_expired_keys,0.0
mw_redis_redis_ping,0.0
mw_redis_used_memory_peak,0.0
mw_redis_instantaneous_output_kbps,0.3513567579568746
mw_redis_instantaneous_input_kbps,0.3103110020454319
mw_redis_Redis_key_count,0.0
mw_redis_evicted_keys,0.0
mw_redis_used_cpu_user,0.23140578730661612
mw_redis_used_memory,0.27725415059760156
mw_redis_maxmemory,0.0
mw_redis_used_cpu_sys,0.22445278453534354
dcos_container_container_fail_percent,0.0
